{
    "accuracy": 0.7266666666666667,
    "classification_report": {
        "bad": {
            "precision": 0.5740740740740741,
            "recall": 0.34444444444444444,
            "f1-score": 0.4305555555555556,
            "support": 90.0
        },
        "good": {
            "precision": 0.7601626016260162,
            "recall": 0.8904761904761904,
            "f1-score": 0.8201754385964912,
            "support": 210.0
        },
        "accuracy": 0.7266666666666667,
        "macro avg": {
            "precision": 0.6671183378500452,
            "recall": 0.6174603174603175,
            "f1-score": 0.6253654970760234,
            "support": 300.0
        },
        "weighted avg": {
            "precision": 0.7043360433604335,
            "recall": 0.7266666666666667,
            "f1-score": 0.7032894736842105,
            "support": 300.0
        }
    },
    "confusion_matrix": [
        [
            31,
            59
        ],
        [
            23,
            187
        ]
    ]
}